{"User Name": "NatGeo", "Profile Name": "National Geographic", "Twitter ID": "NatGeo", "Bio": "Taking our understanding and awareness of the world further for 130 years", "Location": "Global", "URL": "http://t.co/mwaSar7U14", "Joined": "2008-11-18 21:28:10", "Following": "74", "Followers": "23381203", "Profile Image": "https://pbs.twimg.com/profile_images/1053339335217549312/3AsJxV1h_normal.jpg", "Tweets": {"1": {"Tweet Text": "\"The boat house sits alone in the calm water and the silence of the mountains surrounding us both,\" writes Your Sho\u2026 https://t.co/pGTCBmwTSM", "Tweet Date&Time": "2019-10-11 17:20:06"}, "2": {"Tweet Text": "In war, women are often forgotten. History relegates their contributions to the sidelines, but they have much more\u2026 https://t.co/xYCESVsm7G", "Tweet Date&Time": "2019-10-11 16:46:23"}, "3": {"Tweet Text": "Happy International #DayoftheGirl! https://t.co/XrnhzNZre0", "Tweet Date&Time": "2019-10-11 14:35:04"}, "4": {"Tweet Text": "Ephemeral lakes and hidden rivers are poorly-understood weaknesses in Antarctica, and the two phenomena could work\u2026 https://t.co/ltOlE2aTQC", "Tweet Date&Time": "2019-10-11 14:30:10"}, "5": {"Tweet Text": "Minnesota\u2019s common loon, Pennsylvania\u2019s ruffed grouse, and others might struggle to survive in the states they repr\u2026 https://t.co/bWlU3haByB", "Tweet Date&Time": "2019-10-11 13:05:25"}, "6": {"Tweet Text": "The flower only grows in one park\u2014and blooms just once every 12 years. Now a trifecta of threats is destroying its\u2026 https://t.co/RqsI83GnlD", "Tweet Date&Time": "2019-10-11 12:05:05"}, "7": {"Tweet Text": "These historic photos offer a fascinating look at royalty around the world and through the ages https://t.co/sCNcYf3hHU", "Tweet Date&Time": "2019-10-11 04:15:04"}, "8": {"Tweet Text": "Subscribe to our upcoming newsletter series and get exclusive stories and insights from brilliant women around the\u2026 https://t.co/0FUXIFIXKc", "Tweet Date&Time": "2019-10-11 02:05:25"}, "9": {"Tweet Text": "Be awestruck by the world\u2019s tallest trees in this slightly lesser-known gem of the Pacific coast https://t.co/BK641E9RXc", "Tweet Date&Time": "2019-10-11 00:30:26"}, "10": {"Tweet Text": "What exactly influences a bat's speech and dialect? https://t.co/6Et96P3G2j", "Tweet Date&Time": "2019-10-10 22:11:00"}, "11": {"Tweet Text": "A tiny diamond freely rattling inside of a bigger diamond is puzzling scientists over how such an unusual configura\u2026 https://t.co/CW6tdIiPN7", "Tweet Date&Time": "2019-10-10 21:10:25"}, "12": {"Tweet Text": "Affectionately known as \u201cThe Trash Lady,\u201d this woman is working to revolutionize the use of solid waste as a resour\u2026 https://t.co/PQbabJ49Jy", "Tweet Date&Time": "2019-10-10 20:15:04"}, "13": {"Tweet Text": "The bones of the 25-foot beast represent \"one of the most important Thai dinosaurs ever found,\" paleontologists say https://t.co/3YxlOYfwI2", "Tweet Date&Time": "2019-10-10 19:22:03"}, "14": {"Tweet Text": "Hoping to reduce the chances that an errant spark will start a devastating burn, electricity has been cut off to mo\u2026 https://t.co/msimczYTJI", "Tweet Date&Time": "2019-10-10 17:00:35"}, "15": {"Tweet Text": "A circulatory system that beats gravity. Spots that dissipate heat. This giant is purpose-built for its size and su\u2026 https://t.co/UmUqlRtOi8", "Tweet Date&Time": "2019-10-10 16:15:24"}, "16": {"Tweet Text": "If fall is your favorite season, these seven festivals are too good to miss https://t.co/x4DExJISUI", "Tweet Date&Time": "2019-10-10 15:15:03"}, "17": {"Tweet Text": "Ephemeral lakes and hidden rivers are poorly-understood weaknesses in Antarctica, and the two phenomena could work\u2026 https://t.co/jvZTvLhVNA", "Tweet Date&Time": "2019-10-10 14:19:23"}, "18": {"Tweet Text": "A third of commercial fish stocks are being harvested at biologically unsustainable levels. Meanwhile, major countr\u2026 https://t.co/pJ30agPDGD", "Tweet Date&Time": "2019-10-10 13:30:09"}, "19": {"Tweet Text": "No Spanish ships or ports were safe when Barbarossa, ally of the powerful Ottoman Empire, sailed the high seas https://t.co/0zm5laNtro", "Tweet Date&Time": "2019-10-10 10:13:03"}, "20": {"Tweet Text": "For photographer Willard Culver, the series was as much about groundbreaking photography as capturing timeless imag\u2026 https://t.co/1xWT0qG7nY", "Tweet Date&Time": "2019-10-10 04:15:24"}, "21": {"Tweet Text": "Eventually the wild world reclaims what it once called its own https://t.co/DUkV55xhO5", "Tweet Date&Time": "2019-10-10 02:10:23"}, "22": {"Tweet Text": "To protect other species, those selected from the drawing to get a license must complete an online test proving the\u2026 https://t.co/h5dCjWv2Zf", "Tweet Date&Time": "2019-10-10 00:16:58"}, "23": {"Tweet Text": "A magnetic reversal could have many damaging impacts\u2014which makes understanding these historic flips more than just\u2026 https://t.co/7OwkfLa5Uq", "Tweet Date&Time": "2019-10-09 22:17:23"}, "24": {"Tweet Text": "Be awestruck by the world\u2019s tallest trees in this slightly lesser-known gem of the Pacific coast https://t.co/UblRdW1bH5", "Tweet Date&Time": "2019-10-09 21:25:04"}, "25": {"Tweet Text": "Today\u2019s #NobelPrize in chemistry was awarded for the invention of lithium-ion batteries. Here\u2019s how demand for the\u2026 https://t.co/JAvDLLfqQS", "Tweet Date&Time": "2019-10-09 20:12:24"}, "26": {"Tweet Text": "The bones of the 25-foot beast represent \"one of the most important Thai dinosaurs ever found,\" paleontologists say https://t.co/mS3zhgXjfL", "Tweet Date&Time": "2019-10-09 19:10:24"}, "27": {"Tweet Text": "\"I'm living proof, that a new era of medicine has given us all hope\" #sponsored @PhRMA https://t.co/G7RDiopbpE", "Tweet Date&Time": "2019-10-09 18:40:00"}, "28": {"Tweet Text": "Don't miss the moment to enjoy deep crimsons, golden yellows and striking orange hues https://t.co/A0nqKxuXpz", "Tweet Date&Time": "2019-10-09 18:00:19"}, "29": {"Tweet Text": "When a community has clean water, people will be healthier and flourishing in all areas of their life.  Watch\u2026 https://t.co/LNCh1vZls8", "Tweet Date&Time": "2019-10-09 16:35:00"}, "30": {"Tweet Text": "Arguably, the debate over whether Columbus or Erikson played a greater role in European migration to America is moo\u2026 https://t.co/aw0BPj1nPn", "Tweet Date&Time": "2019-10-09 15:33:39"}, "31": {"Tweet Text": "A circulatory system that beats gravity. Spots that dissipate heat. This giant is purpose-built for its size and su\u2026 https://t.co/HXJjaxm4cP", "Tweet Date&Time": "2019-10-09 12:30:07"}, "32": {"Tweet Text": "If fall is your favorite season, these seven festivals are too good to miss https://t.co/DbUAV6s76a", "Tweet Date&Time": "2019-10-09 10:30:24"}, "33": {"Tweet Text": "What happens when you leave a camera running in the forest for a year? https://t.co/QJR6gOMlnt", "Tweet Date&Time": "2019-10-09 07:15:04"}, "34": {"Tweet Text": "Almost every ancient Mesoamerican civilization revered the jaguar in some way\u2014as symbols of strength, bravery, or d\u2026 https://t.co/yzAUlZmXkT", "Tweet Date&Time": "2019-10-09 04:02:03"}, "35": {"Tweet Text": "No Spanish ships or ports were safe when Barbarossa, ally of the powerful Ottoman Empire, sailed the high seas https://t.co/sVa9AmAKnP", "Tweet Date&Time": "2019-10-09 02:08:03"}, "36": {"Tweet Text": "Eventually the wild world reclaims what it once called its own https://t.co/cY2rG1ZYUX", "Tweet Date&Time": "2019-10-09 00:05:24"}, "37": {"Tweet Text": "To protect other species, those selected from the drawing to get a license must complete an online test proving the\u2026 https://t.co/32nlNpIeNK", "Tweet Date&Time": "2019-10-08 22:11:23"}, "38": {"Tweet Text": "Saturn, with now 82 moons, nudges out Jupiter as the planet with the most known moons in our cosmic neighborhood https://t.co/QBoJXSHx7j", "Tweet Date&Time": "2019-10-08 21:10:04"}, "39": {"Tweet Text": "Learn more about our world with the National Geographic Almanac 2020 https://t.co/2bx7XKbmM7", "Tweet Date&Time": "2019-10-08 19:40:56"}, "40": {"Tweet Text": "The majority was correct! In 1914, the last passenger pigeon, named Martha, died at the Cincinnati Zoo.", "Tweet Date&Time": "2019-10-08 19:40:56"}, "41": {"Tweet Text": "Are you ready for #TriviaTuesday?\ud83d\udd4a\ufe0f\n\nWhat was the name of the last passenger pigeon to survive before the species went extinct?", "Tweet Date&Time": "2019-10-08 18:10:25"}, "42": {"Tweet Text": "Smooth and bumpy octopuses deep in the Pacific have long confused scientists: Are they the same species? On\u2026 https://t.co/539OkbMvsV", "Tweet Date&Time": "2019-10-08 17:34:24"}, "43": {"Tweet Text": "Why is this octopus skulking around the seafloor? #WorldOctopusDay https://t.co/MClPkxms20", "Tweet Date&Time": "2019-10-08 16:19:00"}, "44": {"Tweet Text": "A third of commercial fish stocks are being harvested at biologically unsustainable levels. Meanwhile, major countr\u2026 https://t.co/vdBOSmEe8C", "Tweet Date&Time": "2019-10-08 15:25:26"}, "45": {"Tweet Text": "Two recipients of today's #NobelPrize in physics were honored for discovering the first exoplanet around a sunlike\u2026 https://t.co/AgbHtwgkD5", "Tweet Date&Time": "2019-10-08 14:17:25"}, "46": {"Tweet Text": "People have long found shelter underground. Today, some caves have been converted to cultural heritage sites, resta\u2026 https://t.co/9pd4SvmMUh", "Tweet Date&Time": "2019-10-08 12:30:08"}, "47": {"Tweet Text": "Just a month after mating, a female octopus can lay as many as 100,000 eggs #WorldOctopusDay https://t.co/9GiShNLKof", "Tweet Date&Time": "2019-10-08 10:15:00"}, "48": {"Tweet Text": "Carrying around shells may slow the octopus down, but it always has a place to hide #WorldOctopusDay https://t.co/uMPK9s8wRq", "Tweet Date&Time": "2019-10-08 07:30:24"}, "49": {"Tweet Text": "From the air, photos expose the economic divide in cities where shacks border pristine new developments https://t.co/36KB89MP0W", "Tweet Date&Time": "2019-10-08 04:04:24"}, "50": {"Tweet Text": "Right now, you could be unknowingly standing on top of a mountain\u2014that is, a subterranean one https://t.co/ccgClZfQN6", "Tweet Date&Time": "2019-10-08 02:02:25"}, "51": {"Tweet Text": "\u201cIt\u2019s amazing in this day and age that it took until now to work out what the world\u2019s largest amphibian is\u201d https://t.co/8BuyIvxuX4", "Tweet Date&Time": "2019-10-08 00:11:05"}, "52": {"Tweet Text": "Wallace\u2019s giant bee disappeared for more than a century. Now it\u2019s back, and already being sold online by at least o\u2026 https://t.co/R4QJbiAm3k", "Tweet Date&Time": "2019-10-07 22:12:04"}, "53": {"Tweet Text": "Join us in celebrating women who are breaking barriers in their fields through our newsletter series,\u2026 https://t.co/Ux8KZrChnK", "Tweet Date&Time": "2019-10-07 21:15:00"}, "54": {"Tweet Text": "It might be tempting to take home that iconic national park photo, but consider spending time at a lesser known par\u2026 https://t.co/T294jpxGw7", "Tweet Date&Time": "2019-10-07 20:21:04"}, "55": {"Tweet Text": "Saturn, with now 82 moons, nudges out Jupiter as the planet with the most known moons in our cosmic neighborhood https://t.co/451WcIrRXF", "Tweet Date&Time": "2019-10-07 19:33:24"}, "56": {"Tweet Text": "Youth and community leaders can help drive the change needed to help solve the issue of plastic waste on a global s\u2026 https://t.co/ivAWvmuW9u", "Tweet Date&Time": "2019-10-07 18:15:00"}, "57": {"Tweet Text": "These seven epic journeys will inspire the kids\u2014without all the airport stress https://t.co/uLFnTtwYrv", "Tweet Date&Time": "2019-10-07 17:20:25"}, "58": {"Tweet Text": "People have long found shelter underground. Today, some caves have been converted to cultural heritage sites, resta\u2026 https://t.co/S3CRTjtxwF", "Tweet Date&Time": "2019-10-07 16:15:07"}, "59": {"Tweet Text": "Our feline friends are killing billions of birds every year. A fan of both animals believes there are humane soluti\u2026 https://t.co/ltTFt9hhIU", "Tweet Date&Time": "2019-10-07 14:15:25"}, "60": {"Tweet Text": "A biologist's unusual \u201cfish bunker\u201d of preserved aquatic life shows how humanity has pushed some species to their d\u2026 https://t.co/KUtsJGaWR3", "Tweet Date&Time": "2019-10-07 13:15:49"}, "61": {"Tweet Text": "Wander off the beaten path and discover picturesque hamlets steeped in history and charm https://t.co/g6nI9MLy32", "Tweet Date&Time": "2019-10-07 12:08:25"}, "62": {"Tweet Text": "Dinosaurs and other fossil giants are turning up in living rooms and corporate offices as wealthy collectors indulg\u2026 https://t.co/zIok8cEQR2", "Tweet Date&Time": "2019-10-07 10:10:06"}, "63": {"Tweet Text": "Help us caption this image by #YourShot photographer Tomasz Kowalski: https://t.co/NshsPDS0Oj https://t.co/O3gMe4rHYB", "Tweet Date&Time": "2019-10-07 07:15:26"}, "64": {"Tweet Text": "Whether or not you believe in ghosts, the haunting lore of paranormal sites is often rooted in very real histories https://t.co/70gkggCPy6", "Tweet Date&Time": "2019-10-07 04:03:03"}, "65": {"Tweet Text": "Pigs are well known for their intelligence, but the observations could signal a new cognitive skill previously unkn\u2026 https://t.co/lswQCHH5QU", "Tweet Date&Time": "2019-10-07 02:13:03"}, "66": {"Tweet Text": "Discover the history of South Georgia Island\u2014and nature's incredible ability to bounce back https://t.co/8Kr8IzmsBR", "Tweet Date&Time": "2019-10-07 00:09:00"}, "67": {"Tweet Text": "Wallace\u2019s giant bee disappeared for more than a century. Now it\u2019s back, and already being sold online by at least o\u2026 https://t.co/A1ZbnQpMbS", "Tweet Date&Time": "2019-10-06 22:07:07"}, "68": {"Tweet Text": "It might be tempting to take home that iconic national park photo, but consider spending time at a lesser known par\u2026 https://t.co/zvT0DA8eRO", "Tweet Date&Time": "2019-10-06 20:16:24"}, "69": {"Tweet Text": "Early looks at the newfound object are offering astronomers exciting glimpses at rare material from another star sy\u2026 https://t.co/75XoTv7wbq", "Tweet Date&Time": "2019-10-06 18:10:06"}, "70": {"Tweet Text": "This serene moment on a freshwater lake in Vietnam was captured by Your Shot photographer Tu\u1ea5n Nguy\u1ec5n\u2026 https://t.co/UgxIaB0o75", "Tweet Date&Time": "2019-10-06 16:15:07"}, "71": {"Tweet Text": "Hospitals are filled with sterile single-use plastic. Are there less wasteful ways to keep healthcare hygienic?\u2026 https://t.co/pNvyBzDW3G", "Tweet Date&Time": "2019-10-06 15:18:04"}, "72": {"Tweet Text": "Our feline friends are killing billions of birds every year. A fan of both animals believes there are humane soluti\u2026 https://t.co/kGKttulIuW", "Tweet Date&Time": "2019-10-06 14:10:06"}, "73": {"Tweet Text": "Joel Sartore has photographed nearly 10,000 species. His goal: \u2018to get the public to care about the extinction cris\u2026 https://t.co/AtiLFn3t9G", "Tweet Date&Time": "2019-10-06 13:10:25"}, "74": {"Tweet Text": "As it turns out, echolocation is only one of the amazing and sophisticated ways bats get food https://t.co/LYGr2zL1b1", "Tweet Date&Time": "2019-10-06 12:10:06"}, "75": {"Tweet Text": "Make the most of a stop in this city with extraordinary sights, excellent cuisine, and vibrant culture https://t.co/JNlvgFPTw9", "Tweet Date&Time": "2019-10-06 10:30:26"}, "76": {"Tweet Text": "Maps can do far more than help us avoid a traffic jam or find a coffee shop https://t.co/7tADsiT13U", "Tweet Date&Time": "2019-10-06 07:03:24"}, "77": {"Tweet Text": "Blending the famous with the grotesque, Madame Tussauds wax museums inspire the same fascination today as they did\u2026 https://t.co/8eLfErcqQv", "Tweet Date&Time": "2019-10-06 04:20:04"}, "78": {"Tweet Text": "Pigs are well known for their intelligence, but the observations could signal a new cognitive skill previously unkn\u2026 https://t.co/YJ338EflFl", "Tweet Date&Time": "2019-10-06 02:08:05"}, "79": {"Tweet Text": "Dinosaurs and other fossil giants are turning up in living rooms and corporate offices as wealthy collectors indulg\u2026 https://t.co/FPRjC4zNrZ", "Tweet Date&Time": "2019-10-06 00:05:06"}, "80": {"Tweet Text": "The famous and elusive \u201cDeep Blue\u201d was recorded feasting on a sperm whale carcass with two other female great whites https://t.co/QSeH4ImpJx", "Tweet Date&Time": "2019-10-05 22:02:00"}, "81": {"Tweet Text": "These seven epic journeys will inspire the kids\u2014without all the airport stress https://t.co/Bjl9zwSfeO", "Tweet Date&Time": "2019-10-05 20:15:25"}, "82": {"Tweet Text": "Early looks at the newfound object are offering astronomers exciting glimpses at rare material from another star sy\u2026 https://t.co/CdL0U8mzlc", "Tweet Date&Time": "2019-10-05 18:05:26"}, "83": {"Tweet Text": "\"An international community of free divers plunges into the deep, diving on one breath up to depths of 93 meters,\u201d\u2026 https://t.co/8ZEsaFiCk3", "Tweet Date&Time": "2019-10-05 16:15:06"}, "84": {"Tweet Text": "Being an intrepid traveler doesn\u2019t have to mean summiting Mount Everest or surveying icebergs in Antarctica https://t.co/exscO76Csf", "Tweet Date&Time": "2019-10-05 16:03:07"}, "85": {"Tweet Text": "Hospitals are filled with sterile single-use plastic. Are there less wasteful ways to keep healthcare hygienic?\u2026 https://t.co/xwNPhXOL5R", "Tweet Date&Time": "2019-10-05 15:13:03"}, "86": {"Tweet Text": "The correct answer is 1I/2017 U1 ('Oumuamua) Learn more about the recent spotting here: https://t.co/LwplGy4kSY #SpaceSaturday", "Tweet Date&Time": "2019-10-05 14:47:27"}, "87": {"Tweet Text": "Ever heard of a bone-eating snot-flower? Now you have. https://t.co/QNUT0n6ret", "Tweet Date&Time": "2019-10-05 14:10:26"}, "88": {"Tweet Text": "Today's #SpaceSaturday trivia puts your comet knowledge to the test! \u2604\ufe0f\n\nIn August, a comet was spotted from beyond\u2026 https://t.co/xdvgvk7a8u", "Tweet Date&Time": "2019-10-05 13:32:55"}, "89": {"Tweet Text": "Banff is one of the world\u2019s premier destinations, spanning a region of unparalleled majestic mountain scenery https://t.co/C5UdSUhgnW", "Tweet Date&Time": "2019-10-05 10:11:24"}, "90": {"Tweet Text": "A magnetic reversal could have many damaging impacts\u2014which makes understanding these historic flips more than just\u2026 https://t.co/JWcZMU2ON8", "Tweet Date&Time": "2019-10-05 04:30:24"}, "91": {"Tweet Text": "Joel Sartore has photographed nearly 10,000 species. His goal: \u2018to get the public to care about the extinction cris\u2026 https://t.co/0fTV5njOFb", "Tweet Date&Time": "2019-10-05 04:05:05"}, "92": {"Tweet Text": "@GerhardM_com Please!", "Tweet Date&Time": "2019-10-05 03:46:56"}, "93": {"Tweet Text": "Pigs are well known for their intelligence, but the observations could signal a new cognitive skill previously unkn\u2026 https://t.co/Vffr0ALSww", "Tweet Date&Time": "2019-10-05 02:03:24"}, "94": {"Tweet Text": "Stroll along waterfront promenades, journey by train through romantic Alpine countrysides, and soak up the splendor\u2026 https://t.co/zvEmNatHcU", "Tweet Date&Time": "2019-10-05 00:12:05"}, "95": {"Tweet Text": "RT @michaelgreshko: 62 years ago today, Sputnik launched. So pleased to have worked with @RussianSpaceWeb on this wonderful look at the sat\u2026", "Tweet Date&Time": "2019-10-04 20:24:13"}, "96": {"Tweet Text": "RT @NatGeo: \u26a1\ufe0f On #WorldAnimalDay, we're shining light on species at risk https://t.co/3ShA1jO8cT", "Tweet Date&Time": "2019-10-04 20:13:31"}, "97": {"Tweet Text": "Just because trade is legal doesn't make it humane\u2014or sustainable in the long term https://t.co/hbizYydc5Y", "Tweet Date&Time": "2019-10-04 19:11:05"}, "98": {"Tweet Text": "Six of the world\u2019s seven sea turtle species are considered vulnerable, endangered, or critically endangered. And ye\u2026 https://t.co/ukQk0Woz9C", "Tweet Date&Time": "2019-10-04 18:13:26"}, "99": {"Tweet Text": "As it turns out, echolocation is only one of the amazing and sophisticated ways bats get food https://t.co/siHWgZsYwZ", "Tweet Date&Time": "2019-10-04 17:05:07"}, "100": {"Tweet Text": "\u26a1\ufe0f On #WorldAnimalDay, we're shining light on species at risk https://t.co/3ShA1jO8cT", "Tweet Date&Time": "2019-10-04 16:02:36"}, "101": {"Tweet Text": "Help raise awareness for vanishing species! Download this image as a phone wallpaper and See more stunning images i\u2026 https://t.co/FZ16kxekbw", "Tweet Date&Time": "2019-10-04 14:40:47"}, "102": {"Tweet Text": "The Gray's monitor is a secretive lizard that almost never leaves the forests. It\u2014like many other species\u2014is threat\u2026 https://t.co/MEE4svMlZF", "Tweet Date&Time": "2019-10-04 14:35:26"}, "103": {"Tweet Text": "\u201cWe looked at over 31,000 land-dwelling species and found it was quite striking that almost 20 percent of the speci\u2026 https://t.co/IAGgyw9wEW", "Tweet Date&Time": "2019-10-04 13:15:06"}, "104": {"Tweet Text": "Help raise awareness for vanishing species! Download this image as a phone wallpaper and See more stunning images i\u2026 https://t.co/g5h7BoIWdR", "Tweet Date&Time": "2019-10-04 12:27:45"}, "105": {"Tweet Text": "The Horsfield's tarsier is a tiny, tree-dwelling primate with massive eyes to see at night. It's also threatened by\u2026 https://t.co/WFxi9ByEBU", "Tweet Date&Time": "2019-10-04 12:25:26"}, "106": {"Tweet Text": "Every once in a while, a species takes a step away from the brink. \n\nLearn more on #WorldAnimalDay https://t.co/mu4GHnOiyD", "Tweet Date&Time": "2019-10-04 10:18:04"}, "107": {"Tweet Text": "On #WorldAnimalDay immerse yourself in beautiful images of wildlife taken by the Your Shot community https://t.co/rfSxAtoqpa", "Tweet Date&Time": "2019-10-04 07:30:00"}, "108": {"Tweet Text": "If you could spend the rest of your life dedicated to saving one species from extinction, which would it be?\u2026 https://t.co/EKlu5ucxB1", "Tweet Date&Time": "2019-10-04 04:30:24"}, "109": {"Tweet Text": "The strange event has offered new insights into relationships between two formidable African species https://t.co/p7BdbTbCZX", "Tweet Date&Time": "2019-10-04 00:03:04"}, "110": {"Tweet Text": "Groundwater is the hidden scaffold propping up much of modern life. But by 2050, thousands of rivers and streams wo\u2026 https://t.co/Xl5MNexEgY", "Tweet Date&Time": "2019-10-03 22:13:03"}, "111": {"Tweet Text": "Download this image as a phone wallpaper and See more stunning images in the latest Photo Ark book here: https://t.co/x3tiwuKLpn", "Tweet Date&Time": "2019-10-03 20:33:15"}, "112": {"Tweet Text": "The wrinkled hornbill is a vibrant forest-dwelling bird, but is threatened by rapid habitat loss due to logging and\u2026 https://t.co/FHJHODyGxe", "Tweet Date&Time": "2019-10-03 20:30:13"}, "113": {"Tweet Text": "RT @rileydchampine: Did you know the U.S. imported over 300,000 ball pythons in 5 years? That's a lot of #snakes. We now have a much better\u2026", "Tweet Date&Time": "2019-10-03 18:52:18"}, "114": {"Tweet Text": "Just because trade is legal doesn't make it humane\u2014or sustainable in the long term https://t.co/JbpWHfGP2H", "Tweet Date&Time": "2019-10-03 18:26:05"}, "115": {"Tweet Text": "Journey into the wilds of the Congo rain forest with scientists trying to locate a shockingly large peatland so tha\u2026 https://t.co/5bgDNe2awb", "Tweet Date&Time": "2019-10-03 17:11:24"}, "116": {"Tweet Text": "Help raise awareness for vanishing species! Download this image as a phone wallpaper and See more stunning images i\u2026 https://t.co/EiSjuqIp3D", "Tweet Date&Time": "2019-10-03 16:14:35"}, "117": {"Tweet Text": "This young, malnourished woolly monkey from Brazil was raised as a pet. She was rescued, but will need to live in c\u2026 https://t.co/6HDRb4vtAY", "Tweet Date&Time": "2019-10-03 16:14:04"}, "118": {"Tweet Text": "Being an intrepid traveler doesn\u2019t have to mean summiting Mount Everest or surveying icebergs in Antarctica https://t.co/h6PjSK1nj8", "Tweet Date&Time": "2019-10-03 15:22:05"}, "119": {"Tweet Text": "As it turns out, echolocation is only one of the amazing and sophisticated ways bats get food https://t.co/V5bf9BFnpk", "Tweet Date&Time": "2019-10-03 14:27:03"}, "120": {"Tweet Text": "RT @AppleNews: The last mass extinction was caused by an asteroid. Are we facing another? The October issue of @NatGeo looks at what we los\u2026", "Tweet Date&Time": "2019-10-03 13:25:03"}, "121": {"Tweet Text": "\u201cYou can change your light bulbs, but helping to protect 30 billion tons of carbon has a bigger impact\u201d https://t.co/YsNxo6USKr", "Tweet Date&Time": "2019-10-03 12:10:25"}, "122": {"Tweet Text": "A magnetic reversal could have many damaging impacts\u2014which makes understanding these historic flips more than just\u2026 https://t.co/ZdjKSJtKNE", "Tweet Date&Time": "2019-10-03 10:25:04"}, "123": {"Tweet Text": "Imagine a dragonfly so big its wings could block a 27-inch TV screen https://t.co/WL0UUsPe72", "Tweet Date&Time": "2019-10-03 07:08:04"}, "124": {"Tweet Text": "Blending the famous with the grotesque, Madame Tussauds wax museums inspire the same fascination today as they did\u2026 https://t.co/GLqFcKO4Pk", "Tweet Date&Time": "2019-10-03 04:15:06"}, "125": {"Tweet Text": "Ever heard of a bone-eating snot-flower? Now you have. https://t.co/zTcxrBWDHW", "Tweet Date&Time": "2019-10-03 02:05:06"}, "126": {"Tweet Text": "Stroll along waterfront promenades, journey by train through romantic Alpine countrysides, and soak up the splendor\u2026 https://t.co/RPJavbUSzt", "Tweet Date&Time": "2019-10-03 00:07:04"}, "127": {"Tweet Text": "Groundwater is the hidden scaffold propping up much of modern life. But by 2050, thousands of rivers and streams wo\u2026 https://t.co/rYWw3U90eO", "Tweet Date&Time": "2019-10-02 22:00:13"}, "128": {"Tweet Text": "Help raise awareness for vanishing species! Download this image as a phone wallpaper and See more stunning images i\u2026 https://t.co/M3whYAdtzX", "Tweet Date&Time": "2019-10-02 21:02:48"}, "129": {"Tweet Text": "The Espada's marsupial frog is a rare species from the eastern Andes of Ecuador, Peru, and Bolivia. Sadly, a fungus\u2026 https://t.co/62mJRBhy47", "Tweet Date&Time": "2019-10-02 21:02:05"}, "130": {"Tweet Text": "Banff is one of the world\u2019s premier destinations, spanning a region of unparalleled majestic mountain scenery https://t.co/xLLTFFFceo", "Tweet Date&Time": "2019-10-02 20:06:06"}, "131": {"Tweet Text": "\"All of us need to consider the paradigm shift that needs to happen with our relationship with plastics.\" Watch\u2026 https://t.co/VXaaQtYC3b", "Tweet Date&Time": "2019-10-02 19:05:00"}, "132": {"Tweet Text": "The story of the Minotaur has thrilled people for thousands of years, but now archaeologists know that the fabulous\u2026 https://t.co/MxHpAVhLai", "Tweet Date&Time": "2019-10-02 18:15:26"}, "133": {"Tweet Text": "Help raise awareness for vanishing species! Download this image as a phone wallpaper and See more stunning images i\u2026 https://t.co/Bul3xJ2nM5", "Tweet Date&Time": "2019-10-02 16:48:20"}, "134": {"Tweet Text": "Red pandas spend most of their lives in trees, and use their ringed tails as wraparound blankets in the chilly moun\u2026 https://t.co/98HsTBbfgP", "Tweet Date&Time": "2019-10-02 16:47:04"}, "135": {"Tweet Text": "Journey into the wilds of the Congo rain forest with scientists trying to locate a shockingly large peatland so tha\u2026 https://t.co/M1mJ5itFN6", "Tweet Date&Time": "2019-10-02 15:26:24"}, "136": {"Tweet Text": "Have you heard? \"Overheard\" is coming back for a second season on October 15  \ud83c\udf99 #OverheardNatGeo https://t.co/Nro19ReZnR", "Tweet Date&Time": "2019-10-02 14:50:06"}, "137": {"Tweet Text": "When the life of a calf is on the line, all bets are off https://t.co/T9nGYPPPe1", "Tweet Date&Time": "2019-10-02 12:03:25"}, "138": {"Tweet Text": "\"I knew I wanted to show the scale of the route while capturing a fair amount of the background,\" says photographer\u2026 https://t.co/kNBlQ6ktDd", "Tweet Date&Time": "2019-10-02 10:00:09"}, "139": {"Tweet Text": "Watch a newborn joey poke its head out of its mothers pouch for the first time https://t.co/Zc9Ln7pjRM", "Tweet Date&Time": "2019-10-02 07:04:04"}, "140": {"Tweet Text": "Imagine a dragonfly so big its wings could block a 27-inch TV screen https://t.co/qWzYIXGWFz", "Tweet Date&Time": "2019-10-02 04:03:05"}, "141": {"Tweet Text": "Skulls and a nearly complete skeleton offer our best look yet at a shark that lived about 360 million years ago https://t.co/M56fqHoIXQ", "Tweet Date&Time": "2019-10-01 23:17:02"}, "142": {"Tweet Text": "Did you ever wish you could fly? This man's been doing it for more than 20 years https://t.co/cEljrH1LkV", "Tweet Date&Time": "2019-10-01 22:07:00"}, "143": {"Tweet Text": "\u201cYou can change your light bulbs, but helping to protect 30 billion tons of carbon has a bigger impact\u201d https://t.co/5HxFUtxsGk", "Tweet Date&Time": "2019-10-01 21:05:25"}, "144": {"Tweet Text": "Echidnas are incredibly difficult to breed in captivity\u2014meaning they're being plucked from the wild instead for the\u2026 https://t.co/C4crk8XIie", "Tweet Date&Time": "2019-10-01 20:36:25"}, "145": {"Tweet Text": "@go_artworld @nathanwpyle we prefer the term homage", "Tweet Date&Time": "2019-10-01 18:39:49"}, "146": {"Tweet Text": "Your Shot photographer Matthijs Hollanders captured this striking image of a three-toed sloth during a nighttime hi\u2026 https://t.co/XQzyZlw34c", "Tweet Date&Time": "2019-10-01 18:22:25"}, "147": {"Tweet Text": "The story of the Minotaur has thrilled people for thousands of years, but now archaeologists know that the fabulous\u2026 https://t.co/tiMpOgtN0e", "Tweet Date&Time": "2019-10-01 17:10:06"}, "148": {"Tweet Text": "The recent murder of a rights activist\u2014by an unidentified hit man riding on the back of a motorbike\u2014has raised fear\u2026 https://t.co/aAB7MLNiyx", "Tweet Date&Time": "2019-10-01 16:13:03"}, "149": {"Tweet Text": "Winemakers in Europe kept careful records of harvest dates stretching back in some cases to the Middle Ages.Togethe\u2026 https://t.co/dSty2RjvLV", "Tweet Date&Time": "2019-10-01 14:36:04"}, "150": {"Tweet Text": "See stunning images selected by #PrinceHarry showing the beauty and power of trees https://t.co/UBQeIjbxeP", "Tweet Date&Time": "2019-10-01 13:05:05"}, "151": {"Tweet Text": "During his royal tour, #PrinceHarry designated Liwonde National Park and Mangochi Forest Reserve as part of the Que\u2026 https://t.co/D65m9d4RwD", "Tweet Date&Time": "2019-10-01 12:33:25"}, "152": {"Tweet Text": "So many North Atlantic right whales have collided with boats or become ensnared in vertical trap lines that only 40\u2026 https://t.co/fC7wK4kgL4", "Tweet Date&Time": "2019-10-01 10:30:24"}, "153": {"Tweet Text": "Winemakers in Europe kept careful records of harvest dates stretching back in some cases to the Middle Ages.Togethe\u2026 https://t.co/ZZOovKWnnr", "Tweet Date&Time": "2019-10-01 04:43:04"}, "154": {"Tweet Text": "Ceramic baby bottles, including some shaped like animals, began appearing in Europe about 7,000 years ago https://t.co/fQ9rbaJixW", "Tweet Date&Time": "2019-10-01 02:03:23"}, "155": {"Tweet Text": "A technological battle burned hot between these two geniuses and their competing visions for the future of electric\u2026 https://t.co/cczqxOtDKu", "Tweet Date&Time": "2019-10-01 00:20:04"}, "156": {"Tweet Text": "Greenland sharks are known to frequent the dark waters of the Arctic\u2014but they're rarely caught on camera https://t.co/s8S7tzSjpc", "Tweet Date&Time": "2019-09-30 22:09:00"}, "157": {"Tweet Text": "T\u0336w\u0336i\u0336n\u0336k\u0336l\u0336e\u0336, t\u0336w\u0336i\u0336n\u0336k\u0336l\u0336e\u0336, l\u0336i\u0336t\u0336t\u0336l\u0336e\u0336 s\u0336t\u0336a\u0336r\u0336\nEmit, emit, gigantic ball of gas\n\nhttps://t.co/i7ySibIkb2", "Tweet Date&Time": "2019-09-30 20:48:24"}, "158": {"Tweet Text": "Addressing the stigma and myths around menstruation helps girls fully participate in their education and commit to\u2026 https://t.co/2rRNmo2mLq", "Tweet Date&Time": "2019-09-30 20:06:00"}, "159": {"Tweet Text": "Gandhi the man may have been complex and flawed, but Gandhi the public figure left an indelible mark on the exercis\u2026 https://t.co/zE7HtohjM6", "Tweet Date&Time": "2019-09-30 19:09:04"}, "160": {"Tweet Text": "See more conservation-focused images shared by the #YourShot community https://t.co/ADrG1nuey4", "Tweet Date&Time": "2019-09-30 17:50:38"}, "161": {"Tweet Text": "\"Mangroves provide the habitat for many species of fishes and invertebrates\" writes Your Shot photographer Alessand\u2026 https://t.co/KKOxhFjUZ7", "Tweet Date&Time": "2019-09-30 17:50:38"}, "162": {"Tweet Text": "Have you heard of our podcast #OverheardNatGeo? Binge season one in honor of #InternationalPodcastDay (available an\u2026 https://t.co/RxigizVWFT", "Tweet Date&Time": "2019-09-30 17:32:29"}, "163": {"Tweet Text": "Next up, #PrinceHarry chose this image of a strangler fig on Fraser Island, Australia, taken by Peter Essick https://t.co/CO12PE3ANO", "Tweet Date&Time": "2019-09-30 16:28:06"}, "164": {"Tweet Text": "RT @NatGeo: \u201cMy favorite part about trees is that we all see something different in them,\" writes Your Shot photographer Allan Pudlitzke ht\u2026", "Tweet Date&Time": "2019-09-30 16:13:50"}, "165": {"Tweet Text": "\u201cMy favorite part about trees is that we all see something different in them,\" writes Your Shot photographer Allan\u2026 https://t.co/nyNSvoysNe", "Tweet Date&Time": "2019-09-30 16:13:34"}, "166": {"Tweet Text": "See the first post on our Instagram account shared today by The Duke of Sussex https://t.co/KzmI2gEWsU", "Tweet Date&Time": "2019-09-30 15:11:43"}, "167": {"Tweet Text": "What can trees teach us? For starters, they inspire us, comfort us, and remind us how life moves on https://t.co/3RMDQQxUPz", "Tweet Date&Time": "2019-09-30 15:11:43"}, "168": {"Tweet Text": "Today, as #PrinceHarry The Duke of Sussex guest edits our Instagram account, we'll be sharing inspiring photos of t\u2026 https://t.co/W9CxTlpTDq", "Tweet Date&Time": "2019-09-30 15:11:43"}, "169": {"Tweet Text": "@reddit You can see Juan Pablo Ampudia's photos of a rescue center taking care of wildlife harmed in the Amazon fir\u2026 https://t.co/ArIUS1cDP4", "Tweet Date&Time": "2019-09-30 14:39:42"}, "170": {"Tweet Text": "Don't miss our @reddit AMA today at 11am ET with photographer Juan Pablo Ampudia who has recently been covering the\u2026 https://t.co/4Fyd5DjVTs", "Tweet Date&Time": "2019-09-30 14:38:22"}, "171": {"Tweet Text": "The recent murder of a rights activist\u2014by an unidentified hit man riding on the back of a motorbike\u2014has raised fear\u2026 https://t.co/ytTajnbM9L", "Tweet Date&Time": "2019-09-30 13:08:03"}, "172": {"Tweet Text": "Subscribe to our upcoming newsletter series and get exclusive stories and insights from brilliant women around the\u2026 https://t.co/ku1MYoy1yX", "Tweet Date&Time": "2019-09-30 12:11:04"}, "173": {"Tweet Text": "So many North Atlantic right whales have collided with boats or become ensnared in vertical trap lines that only 40\u2026 https://t.co/P55CMOzZUD", "Tweet Date&Time": "2019-09-30 12:10:06"}, "174": {"Tweet Text": "Did you know sea turtles use Earth\u2019s magnetic fields to navigate? https://t.co/2wuCgYqYeG", "Tweet Date&Time": "2019-09-30 10:11:04"}, "175": {"Tweet Text": "Help us caption this image by #YourShot photographer Artur Stankiewicz: https://t.co/1jwLsN3qaP https://t.co/euiHKUhdsr", "Tweet Date&Time": "2019-09-30 07:15:25"}, "176": {"Tweet Text": "Some burst in massive explosions, while others burble with liquidy lava, but all volcanoes help scientists decipher\u2026 https://t.co/APEMIHFMSC", "Tweet Date&Time": "2019-09-30 07:05:05"}, "177": {"Tweet Text": "Sobering findings have prompted global concern over the populations of threatened species of butterflies, bees, dun\u2026 https://t.co/WqeJLvzBFg", "Tweet Date&Time": "2019-09-30 04:05:04"}, "178": {"Tweet Text": "See Antarctica like never before\u2014from the back of a humpback whale https://t.co/QPlE4YaAww", "Tweet Date&Time": "2019-09-30 03:07:05"}, "179": {"Tweet Text": "A technological battle burned hot between these two geniuses and their competing visions for the future of electric\u2026 https://t.co/CpqfcGQLYc", "Tweet Date&Time": "2019-09-30 00:15:24"}, "180": {"Tweet Text": "\"It's so easy to forget that they are in fact little killing machines,\" says @BertieGPhoto about arctic foxes https://t.co/4PRGRVPNkQ", "Tweet Date&Time": "2019-09-29 22:23:00"}, "181": {"Tweet Text": "Explore 37 photos that moved our editors and helped to shape the National Geographic photo community https://t.co/OtvhAEJ5za", "Tweet Date&Time": "2019-09-29 20:19:03"}, "182": {"Tweet Text": "Every ten minutes, someone in the U.S. receives treatment after coming into contact with other variants of the rabi\u2026 https://t.co/H2vXBubBXP", "Tweet Date&Time": "2019-09-29 19:18:23"}, "183": {"Tweet Text": "Gandhi the man may have been complex and flawed, but Gandhi the public figure left an indelible mark on the exercis\u2026 https://t.co/fTVeYmh3pa", "Tweet Date&Time": "2019-09-29 18:47:24"}, "184": {"Tweet Text": "In the last 500 million years, life has had to recover from five catastrophic extinction events. Are humans dealing\u2026 https://t.co/OyiK5p7UGn", "Tweet Date&Time": "2019-09-29 17:14:24"}, "185": {"Tweet Text": "\"This playful whale came right up to me and looked directly into my eyes as the tip of his rostrum glistened in the\u2026 https://t.co/Tz8GGqRJgS", "Tweet Date&Time": "2019-09-29 16:30:29"}, "186": {"Tweet Text": "Coffee lovers, rejoice! New research suggests that coffee might help you live longer. #NationalCoffeeDay\u2026 https://t.co/ARVU31fRQm", "Tweet Date&Time": "2019-09-29 16:01:04"}, "187": {"Tweet Text": "Echidnas are incredibly difficult to breed in captivity\u2014meaning they're being plucked from the wild instead for the\u2026 https://t.co/678WyRsKPi", "Tweet Date&Time": "2019-09-29 13:05:04"}, "188": {"Tweet Text": "It's #InternationalCoffeeDay! https://t.co/wsAi5u3ZOB", "Tweet Date&Time": "2019-09-29 10:15:07"}, "189": {"Tweet Text": "For those looking to channel their inner adventurer, our aquatic realms offer abundant opportunity https://t.co/TTq7dQ4rJ3", "Tweet Date&Time": "2019-09-29 07:20:03"}, "190": {"Tweet Text": "Across the world, scientists are using new technologies and unorthodox approaches to bring species back https://t.co/uDE56Dl2Vv", "Tweet Date&Time": "2019-09-29 04:15:08"}, "191": {"Tweet Text": "RT @bittelmethis: Every year, @USDA scientists drop 9 million fishy-flavored rabies vaccines out of the sky across the Eastern U.S. in an a\u2026", "Tweet Date&Time": "2019-09-29 04:00:04"}, "192": {"Tweet Text": "Did you know sea turtles use Earth\u2019s magnetic fields to navigate? https://t.co/xyLmnNCK8w", "Tweet Date&Time": "2019-09-29 02:06:03"}, "193": {"Tweet Text": "Here's what to \ud83d\udc40 and where to \ud83d\udeebin October https://t.co/UaYWX3CXv6", "Tweet Date&Time": "2019-09-29 00:12:23"}, "194": {"Tweet Text": "Take a moment today to appreciate these fascinating creatures https://t.co/1JSy1m8Upj", "Tweet Date&Time": "2019-09-28 22:25:00"}, "195": {"Tweet Text": "Explore 37 photos that moved our editors and helped to shape the National Geographic photo community https://t.co/BhlgmXJ1zo", "Tweet Date&Time": "2019-09-28 20:14:04"}, "196": {"Tweet Text": "Every ten minutes, someone in the U.S. receives treatment after coming into contact with other variants of the rabi\u2026 https://t.co/MdyKqCjc9u", "Tweet Date&Time": "2019-09-28 19:13:24"}, "197": {"Tweet Text": "Consider these five alternatives to favorite destinations around the world for your next trip https://t.co/LH8319743J", "Tweet Date&Time": "2019-09-28 18:10:03"}, "198": {"Tweet Text": "Hoppy #InternationalRabbitDay! A rabbit enjoys an evening snack on Jericho beach in Vancouver in this image capture\u2026 https://t.co/dUCoVf1DNh", "Tweet Date&Time": "2019-09-28 17:14:26"}, "199": {"Tweet Text": "Mars' two moons are named Photos, meaning fear, and Deimos, which is Greek for panic https://t.co/DOmNCSmZis #SpaceSaturday", "Tweet Date&Time": "2019-09-28 16:26:04"}, "200": {"Tweet Text": "As many as one million species are already on their way to extinction. Will we \"wake up and act\"? https://t.co/5mjCCR48Am", "Tweet Date&Time": "2019-09-28 15:08:04"}}}